COD;Fecha;FechaNum;Mes;Año;MesAño;Month;MonthYear
ENE2019;01/01/2019;43466;Enero;2019;Ene-19;January;Jan-19
FEB2019;01/02/2019;43497;Febrero;2019;Feb-19;February;Feb-19
MAR2019;01/03/2019;43525;Marzo;2019;Mar-19;March;Mar-19
ABR2019;01/04/2019;43556;Abril;2019;Abr-19;April;Apr-19
MAY2019;01/05/2019;43586;Mayo;2019;May-19;May;May-19
JUN2019;01/06/2019;43617;Junio;2019;Jun-19;June;Jun-19
JUL2019;01/07/2019;43647;Julio;2019;Jul-19;July;Jul-19
AGO2019;01/08/2019;43678;Agosto;2019;Ago-19;August;Aug-19
SEP2019;01/09/2019;43709;Septiembre;2019;Sep-19;September;Sep-19
OCT2019;01/10/2019;43739;Octubre;2019;Oct-19;October;Oct-19
NOV2019;01/11/2019;43770;Noviembre;2019;Nov-19;November;Nov-19
DIC2019;01/12/2019;43800;Diciembre;2019;Dic-19;December;Dec-19
ENE2020;01/01/2020;43831;Enero;2020;Ene-20;January;Jan-20
FEB2020;01/02/2020;43862;Febrero;2020;Feb-20;February;Feb-20
MAR2020;01/03/2020;43891;Marzo;2020;Mar-20;March;Mar-20
ABR2020;01/04/2020;43922;Abril;2020;Abr-20;April;Apr-20
MAY2020;01/05/2020;43952;Mayo;2020;May-20;May;May-20
JUN2020;01/06/2020;43983;Junio;2020;Jun-20;June;Jun-20
JUL2020;01/07/2020;44013;Julio;2020;Jul-20;July;Jul-20
AGO2020;01/08/2020;44044;Agosto;2020;Ago-20;August;Aug-20
SEP2020;01/09/2020;44075;Septiembre;2020;Sep-20;September;Sep-20
OCT2020;01/10/2020;44105;Octubre;2020;Oct-20;October;Oct-20
NOV2020;01/11/2020;44136;Noviembre;2020;Nov-20;November;Nov-20
DIC2020;01/12/2020;44166;Diciembre;2020;Dic-20;December;Dec-20
ENE2021;01/01/2021;44197;Enero;2021;Ene-21;January;Jan-21
FEB2021;01/02/2021;44228;Febrero;2021;Feb-21;February;Feb-21
MAR2021;01/03/2021;44256;Marzo;2021;Mar-21;March;Mar-21
ABR2021;01/04/2021;44287;Abril;2021;Abr-21;April;Apr-21
MAY2021;01/05/2021;44317;Mayo;2021;May-21;May;May-21
JUN2021;01/06/2021;44348;Junio;2021;Jun-21;June;Jun-21
JUL2021;01/07/2021;44378;Julio;2021;Jul-21;July;Jul-21
AGO2021;01/08/2021;44409;Agosto;2021;Ago-21;August;Aug-21
SEP2021;01/09/2021;44440;Septiembre;2021;Sep-21;September;Sep-21
OCT2021;01/10/2021;44470;Octubre;2021;Oct-21;October;Oct-21
NOV2021;01/11/2021;44501;Noviembre;2021;Nov-21;November;Nov-21
DIC2021;01/12/2021;44531;Diciembre;2021;Dic-21;December;Dec-21
ENE2022;01/01/2022;44562;Enero;2022;Ene-22;January;Jan-22
FEB2022;01/02/2022;44593;Febrero;2022;Feb-22;February;Feb-22
MAR2022;01/03/2022;44621;Marzo;2022;Mar-22;March;Mar-22
ABR2022;01/04/2022;44652;Abril;2022;Abr-22;April;Apr-22
MAY2022;01/05/2022;44682;Mayo;2022;May-22;May;May-22
JUN2022;01/06/2022;44713;Junio;2022;Jun-22;June;Jun-22
JUL2022;01/07/2022;44743;Julio;2022;Jul-22;July;Jul-22
AGO2022;01/08/2022;44774;Agosto;2022;Ago-22;August;Aug-22
SEP2022;01/09/2022;44805;Septiembre;2022;Sep-22;September;Sep-22
OCT2022;01/10/2022;44835;Octubre;2022;Oct-22;October;Oct-22
NOV2022;01/11/2022;44866;Noviembre;2022;Nov-22;November;Nov-22
DIC2022;01/12/2022;44896;Diciembre;2022;Dic-22;December;Dec-22
ENE2023;01/01/2023;44927;Enero;2023;Ene-23;January;Jan-23
FEB2023;01/02/2023;44958;Febrero;2023;Feb-23;February;Feb-23
MAR2023;01/03/2023;44986;Marzo;2023;Mar-23;March;Mar-23
ABR2023;01/04/2023;45017;Abril;2023;Abr-23;April;Apr-23
MAY2023;01/05/2023;45047;Mayo;2023;May-23;May;May-23
JUN2023;01/06/2023;45078;Junio;2023;Jun-23;June;Jun-23
JUL2023;01/07/2023;45108;Julio;2023;Jul-23;July;Jul-23
AGO2023;01/08/2023;45139;Agosto;2023;Ago-23;August;Aug-23
SEP2023;01/09/2023;45170;Septiembre;2023;Sep-23;September;Sep-23
OCT2023;01/10/2023;45200;Octubre;2023;Oct-23;October;Oct-23
NOV2023;01/11/2023;45231;Noviembre;2023;Nov-23;November;Nov-23
DIC2023;01/12/2023;45261;Diciembre;2023;Dic-23;December;Dec-23
ENE2024;01/01/2024;45292;Enero;2024;Ene-24;January;Jan-24
FEB2024;01/02/2024;45323;Febrero;2024;Feb-24;February;Feb-24
MAR2024;01/03/2024;45352;Marzo;2024;Mar-24;March;Mar-24
ABR2024;01/04/2024;45383;Abril;2024;Abr-24;April;Apr-24
MAY2024;01/05/2024;45413;Mayo;2024;May-24;May;May-24
JUN2024;01/06/2024;45444;Junio;2024;Jun-24;June;Jun-24
JUL2024;01/07/2024;45474;Julio;2024;Jul-24;July;Jul-24
AGO2024;01/08/2024;45505;Agosto;2024;Ago-24;August;Aug-24
SEP2024;01/09/2024;45536;Septiembre;2024;Sep-24;September;Sep-24
OCT2024;01/10/2024;45566;Octubre;2024;Oct-24;October;Oct-24
NOV2024;01/11/2024;45597;Noviembre;2024;Nov-24;November;Nov-24
DIC2024;01/12/2024;45627;Diciembre;2024;Dic-24;December;Dec-24
ENE2025;01/01/2025;45658;Enero;2025;Ene-25;January;Jan-25
FEB2025;01/02/2025;45689;Febrero;2025;Feb-25;February;Feb-25
MAR2025;01/03/2025;45717;Marzo;2025;Mar-25;March;Mar-25
ABR2025;01/04/2025;45748;Abril;2025;Abr-25;April;Apr-25
MAY2025;01/05/2025;45778;Mayo;2025;May-25;May;May-25
JUN2025;01/06/2025;45809;Junio;2025;Jun-25;June;Jun-25
JUL2025;01/07/2025;45839;Julio;2025;Jul-25;July;Jul-25
AGO2025;01/08/2025;45870;Agosto;2025;Ago-25;August;Aug-25
SEP2025;01/09/2025;45901;Septiembre;2025;Sep-25;September;Sep-25
OCT2025;01/10/2025;45931;Octubre;2025;Oct-25;October;Oct-25
NOV2025;01/11/2025;45962;Noviembre;2025;Nov-25;November;Nov-25
DIC2025;01/12/2025;45992;Diciembre;2025;Dic-25;December;Dec-25
ENE2026;01/01/2026;46023;Enero;2026;Ene-26;January;Jan-26
FEB2026;01/02/2026;46054;Febrero;2026;Feb-26;February;Feb-26
MAR2026;01/03/2026;46082;Marzo;2026;Mar-26;March;Mar-26
ABR2026;01/04/2026;46113;Abril;2026;Abr-26;April;Apr-26
MAY2026;01/05/2026;46143;Mayo;2026;May-26;May;May-26
JUN2026;01/06/2026;46174;Junio;2026;Jun-26;June;Jun-26
JUL2026;01/07/2026;46204;Julio;2026;Jul-26;July;Jul-26
AGO2026;01/08/2026;46235;Agosto;2026;Ago-26;August;Aug-26
SEP2026;01/09/2026;46266;Septiembre;2026;Sep-26;September;Sep-26
OCT2026;01/10/2026;46296;Octubre;2026;Oct-26;October;Oct-26
NOV2026;01/11/2026;46327;Noviembre;2026;Nov-26;November;Nov-26
DIC2026;01/12/2026;46357;Diciembre;2026;Dic-26;December;Dec-26
ENE2027;01/01/2027;46388;Enero;2027;Ene-27;January;Jan-27
FEB2027;01/02/2027;46419;Febrero;2027;Feb-27;February;Feb-27
MAR2027;01/03/2027;46447;Marzo;2027;Mar-27;March;Mar-27
ABR2027;01/04/2027;46478;Abril;2027;Abr-27;April;Apr-27
MAY2027;01/05/2027;46508;Mayo;2027;May-27;May;May-27
JUN2027;01/06/2027;46539;Junio;2027;Jun-27;June;Jun-27
JUL2027;01/07/2027;46569;Julio;2027;Jul-27;July;Jul-27
AGO2027;01/08/2027;46600;Agosto;2027;Ago-27;August;Aug-27
SEP2027;01/09/2027;46631;Septiembre;2027;Sep-27;September;Sep-27
OCT2027;01/10/2027;46661;Octubre;2027;Oct-27;October;Oct-27
NOV2027;01/11/2027;46692;Noviembre;2027;Nov-27;November;Nov-27
DIC2027;01/12/2027;46722;Diciembre;2027;Dic-27;December;Dec-27
ENE2028;01/01/2028;46753;Enero;2028;Ene-28;January;Jan-28
FEB2028;01/02/2028;46784;Febrero;2028;Feb-28;February;Feb-28
MAR2028;01/03/2028;46813;Marzo;2028;Mar-28;March;Mar-28
ABR2028;01/04/2028;46844;Abril;2028;Abr-28;April;Apr-28
MAY2028;01/05/2028;46874;Mayo;2028;May-28;May;May-28
JUN2028;01/06/2028;46905;Junio;2028;Jun-28;June;Jun-28
JUL2028;01/07/2028;46935;Julio;2028;Jul-28;July;Jul-28
AGO2028;01/08/2028;46966;Agosto;2028;Ago-28;August;Aug-28
SEP2028;01/09/2028;46997;Septiembre;2028;Sep-28;September;Sep-28
OCT2028;01/10/2028;47027;Octubre;2028;Oct-28;October;Oct-28
NOV2028;01/11/2028;47058;Noviembre;2028;Nov-28;November;Nov-28
DIC2028;01/12/2028;47088;Diciembre;2028;Dic-28;December;Dec-28
ENE2029;01/01/2029;47119;Enero;2029;Ene-29;January;Jan-29
FEB2029;01/02/2029;47150;Febrero;2029;Feb-29;February;Feb-29
MAR2029;01/03/2029;47178;Marzo;2029;Mar-29;March;Mar-29
ABR2029;01/04/2029;47209;Abril;2029;Abr-29;April;Apr-29
MAY2029;01/05/2029;47239;Mayo;2029;May-29;May;May-29
JUN2029;01/06/2029;47270;Junio;2029;Jun-29;June;Jun-29
JUL2029;01/07/2029;47300;Julio;2029;Jul-29;July;Jul-29
AGO2029;01/08/2029;47331;Agosto;2029;Ago-29;August;Aug-29
SEP2029;01/09/2029;47362;Septiembre;2029;Sep-29;September;Sep-29
OCT2029;01/10/2029;47392;Octubre;2029;Oct-29;October;Oct-29
NOV2029;01/11/2029;47423;Noviembre;2029;Nov-29;November;Nov-29
DIC2029;01/12/2029;47453;Diciembre;2029;Dic-29;December;Dec-29
ENE2030;01/01/2030;47484;Enero;2030;Ene-30;January;Jan-30
FEB2030;01/02/2030;47515;Febrero;2030;Feb-30;February;Feb-30
MAR2030;01/03/2030;47543;Marzo;2030;Mar-30;March;Mar-30
ABR2030;01/04/2030;47574;Abril;2030;Abr-30;April;Apr-30
MAY2030;01/05/2030;47604;Mayo;2030;May-30;May;May-30
JUN2030;01/06/2030;47635;Junio;2030;Jun-30;June;Jun-30
JUL2030;01/07/2030;47665;Julio;2030;Jul-30;July;Jul-30
AGO2030;01/08/2030;47696;Agosto;2030;Ago-30;August;Aug-30
SEP2030;01/09/2030;47727;Septiembre;2030;Sep-30;September;Sep-30
OCT2030;01/10/2030;47757;Octubre;2030;Oct-30;October;Oct-30
NOV2030;01/11/2030;47788;Noviembre;2030;Nov-30;November;Nov-30
DIC2030;01/12/2030;47818;Diciembre;2030;Dic-30;December;Dec-30
ENE2031;01/01/2031;47849;Enero;2031;Ene-31;January;Jan-31
FEB2031;01/02/2031;47880;Febrero;2031;Feb-31;February;Feb-31
MAR2031;01/03/2031;47908;Marzo;2031;Mar-31;March;Mar-31
ABR2031;01/04/2031;47939;Abril;2031;Abr-31;April;Apr-31
MAY2031;01/05/2031;47969;Mayo;2031;May-31;May;May-31
JUN2031;01/06/2031;48000;Junio;2031;Jun-31;June;Jun-31
JUL2031;01/07/2031;48030;Julio;2031;Jul-31;July;Jul-31
AGO2031;01/08/2031;48061;Agosto;2031;Ago-31;August;Aug-31
SEP2031;01/09/2031;48092;Septiembre;2031;Sep-31;September;Sep-31
OCT2031;01/10/2031;48122;Octubre;2031;Oct-31;October;Oct-31
NOV2031;01/11/2031;48153;Noviembre;2031;Nov-31;November;Nov-31
DIC2031;01/12/2031;48183;Diciembre;2031;Dic-31;December;Dec-31
ENE2032;01/01/2032;48214;Enero;2032;Ene-32;January;Jan-32
FEB2032;01/02/2032;48245;Febrero;2032;Feb-32;February;Feb-32
MAR2032;01/03/2032;48274;Marzo;2032;Mar-32;March;Mar-32
ABR2032;01/04/2032;48305;Abril;2032;Abr-32;April;Apr-32
MAY2032;01/05/2032;48335;Mayo;2032;May-32;May;May-32
JUN2032;01/06/2032;48366;Junio;2032;Jun-32;June;Jun-32
JUL2032;01/07/2032;48396;Julio;2032;Jul-32;July;Jul-32
AGO2032;01/08/2032;48427;Agosto;2032;Ago-32;August;Aug-32
SEP2032;01/09/2032;48458;Septiembre;2032;Sep-32;September;Sep-32
OCT2032;01/10/2032;48488;Octubre;2032;Oct-32;October;Oct-32
NOV2032;01/11/2032;48519;Noviembre;2032;Nov-32;November;Nov-32
DIC2032;01/12/2032;48549;Diciembre;2032;Dic-32;December;Dec-32
ENE2033;01/01/2033;48580;Enero;2033;Ene-33;January;Jan-33
FEB2033;01/02/2033;48611;Febrero;2033;Feb-33;February;Feb-33
MAR2033;01/03/2033;48639;Marzo;2033;Mar-33;March;Mar-33
ABR2033;01/04/2033;48670;Abril;2033;Abr-33;April;Apr-33
MAY2033;01/05/2033;48700;Mayo;2033;May-33;May;May-33
JUN2033;01/06/2033;48731;Junio;2033;Jun-33;June;Jun-33
JUL2033;01/07/2033;48761;Julio;2033;Jul-33;July;Jul-33
AGO2033;01/08/2033;48792;Agosto;2033;Ago-33;August;Aug-33
SEP2033;01/09/2033;48823;Septiembre;2033;Sep-33;September;Sep-33
OCT2033;01/10/2033;48853;Octubre;2033;Oct-33;October;Oct-33
NOV2033;01/11/2033;48884;Noviembre;2033;Nov-33;November;Nov-33
DIC2033;01/12/2033;48914;Diciembre;2033;Dic-33;December;Dec-33
ENE2034;01/01/2034;48945;Enero;2034;Ene-34;January;Jan-34
FEB2034;01/02/2034;48976;Febrero;2034;Feb-34;February;Feb-34
MAR2034;01/03/2034;49004;Marzo;2034;Mar-34;March;Mar-34
ABR2034;01/04/2034;49035;Abril;2034;Abr-34;April;Apr-34
MAY2034;01/05/2034;49065;Mayo;2034;May-34;May;May-34
JUN2034;01/06/2034;49096;Junio;2034;Jun-34;June;Jun-34
JUL2034;01/07/2034;49126;Julio;2034;Jul-34;July;Jul-34
AGO2034;01/08/2034;49157;Agosto;2034;Ago-34;August;Aug-34
SEP2034;01/09/2034;49188;Septiembre;2034;Sep-34;September;Sep-34
OCT2034;01/10/2034;49218;Octubre;2034;Oct-34;October;Oct-34
NOV2034;01/11/2034;49249;Noviembre;2034;Nov-34;November;Nov-34
DIC2034;01/12/2034;49279;Diciembre;2034;Dic-34;December;Dec-34
ENE2035;01/01/2035;49310;Enero;2035;Ene-35;January;Jan-35
FEB2035;01/02/2035;49341;Febrero;2035;Feb-35;February;Feb-35
MAR2035;01/03/2035;49369;Marzo;2035;Mar-35;March;Mar-35
ABR2035;01/04/2035;49400;Abril;2035;Abr-35;April;Apr-35
MAY2035;01/05/2035;49430;Mayo;2035;May-35;May;May-35
JUN2035;01/06/2035;49461;Junio;2035;Jun-35;June;Jun-35
JUL2035;01/07/2035;49491;Julio;2035;Jul-35;July;Jul-35
AGO2035;01/08/2035;49522;Agosto;2035;Ago-35;August;Aug-35
SEP2035;01/09/2035;49553;Septiembre;2035;Sep-35;September;Sep-35
OCT2035;01/10/2035;49583;Octubre;2035;Oct-35;October;Oct-35
NOV2035;01/11/2035;49614;Noviembre;2035;Nov-35;November;Nov-35
DIC2035;01/12/2035;49644;Diciembre;2035;Dic-35;December;Dec-35
ENE2036;01/01/2036;49675;Enero;2036;Ene-36;January;Jan-36
FEB2036;01/02/2036;49706;Febrero;2036;Feb-36;February;Feb-36
MAR2036;01/03/2036;49735;Marzo;2036;Mar-36;March;Mar-36
ABR2036;01/04/2036;49766;Abril;2036;Abr-36;April;Apr-36
MAY2036;01/05/2036;49796;Mayo;2036;May-36;May;May-36
JUN2036;01/06/2036;49827;Junio;2036;Jun-36;June;Jun-36
JUL2036;01/07/2036;49857;Julio;2036;Jul-36;July;Jul-36
AGO2036;01/08/2036;49888;Agosto;2036;Ago-36;August;Aug-36
SEP2036;01/09/2036;49919;Septiembre;2036;Sep-36;September;Sep-36
OCT2036;01/10/2036;49949;Octubre;2036;Oct-36;October;Oct-36
NOV2036;01/11/2036;49980;Noviembre;2036;Nov-36;November;Nov-36
DIC2036;01/12/2036;50010;Diciembre;2036;Dic-36;December;Dec-36
ENE2037;01/01/2037;50041;Enero;2037;Ene-37;January;Jan-37
FEB2037;01/02/2037;50072;Febrero;2037;Feb-37;February;Feb-37
MAR2037;01/03/2037;50100;Marzo;2037;Mar-37;March;Mar-37
ABR2037;01/04/2037;50131;Abril;2037;Abr-37;April;Apr-37
MAY2037;01/05/2037;50161;Mayo;2037;May-37;May;May-37
JUN2037;01/06/2037;50192;Junio;2037;Jun-37;June;Jun-37
JUL2037;01/07/2037;50222;Julio;2037;Jul-37;July;Jul-37
AGO2037;01/08/2037;50253;Agosto;2037;Ago-37;August;Aug-37
SEP2037;01/09/2037;50284;Septiembre;2037;Sep-37;September;Sep-37
OCT2037;01/10/2037;50314;Octubre;2037;Oct-37;October;Oct-37
NOV2037;01/11/2037;50345;Noviembre;2037;Nov-37;November;Nov-37
DIC2037;01/12/2037;50375;Diciembre;2037;Dic-37;December;Dec-37
ENE2038;01/01/2038;50406;Enero;2038;Ene-38;January;Jan-38
FEB2038;01/02/2038;50437;Febrero;2038;Feb-38;February;Feb-38
MAR2038;01/03/2038;50465;Marzo;2038;Mar-38;March;Mar-38
ABR2038;01/04/2038;50496;Abril;2038;Abr-38;April;Apr-38
MAY2038;01/05/2038;50526;Mayo;2038;May-38;May;May-38
JUN2038;01/06/2038;50557;Junio;2038;Jun-38;June;Jun-38
JUL2038;01/07/2038;50587;Julio;2038;Jul-38;July;Jul-38
AGO2038;01/08/2038;50618;Agosto;2038;Ago-38;August;Aug-38
SEP2038;01/09/2038;50649;Septiembre;2038;Sep-38;September;Sep-38
OCT2038;01/10/2038;50679;Octubre;2038;Oct-38;October;Oct-38
NOV2038;01/11/2038;50710;Noviembre;2038;Nov-38;November;Nov-38
DIC2038;01/12/2038;50740;Diciembre;2038;Dic-38;December;Dec-38
ENE2039;01/01/2039;50771;Enero;2039;Ene-39;January;Jan-39
FEB2039;01/02/2039;50802;Febrero;2039;Feb-39;February;Feb-39
MAR2039;01/03/2039;50830;Marzo;2039;Mar-39;March;Mar-39
ABR2039;01/04/2039;50861;Abril;2039;Abr-39;April;Apr-39
MAY2039;01/05/2039;50891;Mayo;2039;May-39;May;May-39
JUN2039;01/06/2039;50922;Junio;2039;Jun-39;June;Jun-39
JUL2039;01/07/2039;50952;Julio;2039;Jul-39;July;Jul-39
AGO2039;01/08/2039;50983;Agosto;2039;Ago-39;August;Aug-39
SEP2039;01/09/2039;51014;Septiembre;2039;Sep-39;September;Sep-39
OCT2039;01/10/2039;51044;Octubre;2039;Oct-39;October;Oct-39
NOV2039;01/11/2039;51075;Noviembre;2039;Nov-39;November;Nov-39
DIC2039;01/12/2039;51105;Diciembre;2039;Dic-39;December;Dec-39
ENE2040;01/01/2040;51136;Enero;2040;Ene-40;January;Jan-40
FEB2040;01/02/2040;51167;Febrero;2040;Feb-40;February;Feb-40
MAR2040;01/03/2040;51196;Marzo;2040;Mar-40;March;Mar-40
ABR2040;01/04/2040;51227;Abril;2040;Abr-40;April;Apr-40
MAY2040;01/05/2040;51257;Mayo;2040;May-40;May;May-40
JUN2040;01/06/2040;51288;Junio;2040;Jun-40;June;Jun-40
JUL2040;01/07/2040;51318;Julio;2040;Jul-40;July;Jul-40
AGO2040;01/08/2040;51349;Agosto;2040;Ago-40;August;Aug-40
SEP2040;01/09/2040;51380;Septiembre;2040;Sep-40;September;Sep-40
OCT2040;01/10/2040;51410;Octubre;2040;Oct-40;October;Oct-40
NOV2040;01/11/2040;51441;Noviembre;2040;Nov-40;November;Nov-40
DIC2040;01/12/2040;51471;Diciembre;2040;Dic-40;December;Dec-40
ENE2041;01/01/2041;51502;Enero;2041;Ene-41;January;Jan-41
FEB2041;01/02/2041;51533;Febrero;2041;Feb-41;February;Feb-41
MAR2041;01/03/2041;51561;Marzo;2041;Mar-41;March;Mar-41
ABR2041;01/04/2041;51592;Abril;2041;Abr-41;April;Apr-41
MAY2041;01/05/2041;51622;Mayo;2041;May-41;May;May-41
JUN2041;01/06/2041;51653;Junio;2041;Jun-41;June;Jun-41
JUL2041;01/07/2041;51683;Julio;2041;Jul-41;July;Jul-41
AGO2041;01/08/2041;51714;Agosto;2041;Ago-41;August;Aug-41
SEP2041;01/09/2041;51745;Septiembre;2041;Sep-41;September;Sep-41
OCT2041;01/10/2041;51775;Octubre;2041;Oct-41;October;Oct-41
NOV2041;01/11/2041;51806;Noviembre;2041;Nov-41;November;Nov-41
DIC2041;01/12/2041;51836;Diciembre;2041;Dic-41;December;Dec-41
ENE2042;01/01/2042;51867;Enero;2042;Ene-42;January;Jan-42
FEB2042;01/02/2042;51898;Febrero;2042;Feb-42;February;Feb-42
MAR2042;01/03/2042;51926;Marzo;2042;Mar-42;March;Mar-42
ABR2042;01/04/2042;51957;Abril;2042;Abr-42;April;Apr-42
MAY2042;01/05/2042;51987;Mayo;2042;May-42;May;May-42
JUN2042;01/06/2042;52018;Junio;2042;Jun-42;June;Jun-42
JUL2042;01/07/2042;52048;Julio;2042;Jul-42;July;Jul-42
AGO2042;01/08/2042;52079;Agosto;2042;Ago-42;August;Aug-42
SEP2042;01/09/2042;52110;Septiembre;2042;Sep-42;September;Sep-42
OCT2042;01/10/2042;52140;Octubre;2042;Oct-42;October;Oct-42
NOV2042;01/11/2042;52171;Noviembre;2042;Nov-42;November;Nov-42
DIC2042;01/12/2042;52201;Diciembre;2042;Dic-42;December;Dec-42
ENE2043;01/01/2043;52232;Enero;2043;Ene-43;January;Jan-43
FEB2043;01/02/2043;52263;Febrero;2043;Feb-43;February;Feb-43
MAR2043;01/03/2043;52291;Marzo;2043;Mar-43;March;Mar-43
ABR2043;01/04/2043;52322;Abril;2043;Abr-43;April;Apr-43
MAY2043;01/05/2043;52352;Mayo;2043;May-43;May;May-43
JUN2043;01/06/2043;52383;Junio;2043;Jun-43;June;Jun-43
JUL2043;01/07/2043;52413;Julio;2043;Jul-43;July;Jul-43
AGO2043;01/08/2043;52444;Agosto;2043;Ago-43;August;Aug-43
SEP2043;01/09/2043;52475;Septiembre;2043;Sep-43;September;Sep-43
OCT2043;01/10/2043;52505;Octubre;2043;Oct-43;October;Oct-43
NOV2043;01/11/2043;52536;Noviembre;2043;Nov-43;November;Nov-43
DIC2043;01/12/2043;52566;Diciembre;2043;Dic-43;December;Dec-43
ENE2044;01/01/2044;52597;Enero;2044;Ene-44;January;Jan-44
FEB2044;01/02/2044;52628;Febrero;2044;Feb-44;February;Feb-44
MAR2044;01/03/2044;52657;Marzo;2044;Mar-44;March;Mar-44
ABR2044;01/04/2044;52688;Abril;2044;Abr-44;April;Apr-44
MAY2044;01/05/2044;52718;Mayo;2044;May-44;May;May-44
JUN2044;01/06/2044;52749;Junio;2044;Jun-44;June;Jun-44
JUL2044;01/07/2044;52779;Julio;2044;Jul-44;July;Jul-44
AGO2044;01/08/2044;52810;Agosto;2044;Ago-44;August;Aug-44
SEP2044;01/09/2044;52841;Septiembre;2044;Sep-44;September;Sep-44
OCT2044;01/10/2044;52871;Octubre;2044;Oct-44;October;Oct-44
NOV2044;01/11/2044;52902;Noviembre;2044;Nov-44;November;Nov-44
DIC2044;01/12/2044;52932;Diciembre;2044;Dic-44;December;Dec-44
ENE2045;01/01/2045;52963;Enero;2045;Ene-45;January;Jan-45
FEB2045;01/02/2045;52994;Febrero;2045;Feb-45;February;Feb-45
MAR2045;01/03/2045;53022;Marzo;2045;Mar-45;March;Mar-45
ABR2045;01/04/2045;53053;Abril;2045;Abr-45;April;Apr-45
MAY2045;01/05/2045;53083;Mayo;2045;May-45;May;May-45
JUN2045;01/06/2045;53114;Junio;2045;Jun-45;June;Jun-45
JUL2045;01/07/2045;53144;Julio;2045;Jul-45;July;Jul-45
AGO2045;01/08/2045;53175;Agosto;2045;Ago-45;August;Aug-45
SEP2045;01/09/2045;53206;Septiembre;2045;Sep-45;September;Sep-45
OCT2045;01/10/2045;53236;Octubre;2045;Oct-45;October;Oct-45
NOV2045;01/11/2045;53267;Noviembre;2045;Nov-45;November;Nov-45
DIC2045;01/12/2045;53297;Diciembre;2045;Dic-45;December;Dec-45
ENE2046;01/01/2046;53328;Enero;2046;Ene-46;January;Jan-46
FEB2046;01/02/2046;53359;Febrero;2046;Feb-46;February;Feb-46
MAR2046;01/03/2046;53387;Marzo;2046;Mar-46;March;Mar-46
ABR2046;01/04/2046;53418;Abril;2046;Abr-46;April;Apr-46
MAY2046;01/05/2046;53448;Mayo;2046;May-46;May;May-46
JUN2046;01/06/2046;53479;Junio;2046;Jun-46;June;Jun-46
JUL2046;01/07/2046;53509;Julio;2046;Jul-46;July;Jul-46
AGO2046;01/08/2046;53540;Agosto;2046;Ago-46;August;Aug-46
SEP2046;01/09/2046;53571;Septiembre;2046;Sep-46;September;Sep-46
OCT2046;01/10/2046;53601;Octubre;2046;Oct-46;October;Oct-46
NOV2046;01/11/2046;53632;Noviembre;2046;Nov-46;November;Nov-46
DIC2046;01/12/2046;53662;Diciembre;2046;Dic-46;December;Dec-46
ENE2047;01/01/2047;53693;Enero;2047;Ene-47;January;Jan-47
FEB2047;01/02/2047;53724;Febrero;2047;Feb-47;February;Feb-47
MAR2047;01/03/2047;53752;Marzo;2047;Mar-47;March;Mar-47
ABR2047;01/04/2047;53783;Abril;2047;Abr-47;April;Apr-47
MAY2047;01/05/2047;53813;Mayo;2047;May-47;May;May-47
JUN2047;01/06/2047;53844;Junio;2047;Jun-47;June;Jun-47
JUL2047;01/07/2047;53874;Julio;2047;Jul-47;July;Jul-47
AGO2047;01/08/2047;53905;Agosto;2047;Ago-47;August;Aug-47
SEP2047;01/09/2047;53936;Septiembre;2047;Sep-47;September;Sep-47
OCT2047;01/10/2047;53966;Octubre;2047;Oct-47;October;Oct-47
NOV2047;01/11/2047;53997;Noviembre;2047;Nov-47;November;Nov-47
DIC2047;01/12/2047;54027;Diciembre;2047;Dic-47;December;Dec-47
ENE2048;01/01/2048;54058;Enero;2048;Ene-48;January;Jan-48
FEB2048;01/02/2048;54089;Febrero;2048;Feb-48;February;Feb-48
MAR2048;01/03/2048;54118;Marzo;2048;Mar-48;March;Mar-48
ABR2048;01/04/2048;54149;Abril;2048;Abr-48;April;Apr-48
MAY2048;01/05/2048;54179;Mayo;2048;May-48;May;May-48
JUN2048;01/06/2048;54210;Junio;2048;Jun-48;June;Jun-48
JUL2048;01/07/2048;54240;Julio;2048;Jul-48;July;Jul-48
AGO2048;01/08/2048;54271;Agosto;2048;Ago-48;August;Aug-48
SEP2048;01/09/2048;54302;Septiembre;2048;Sep-48;September;Sep-48
OCT2048;01/10/2048;54332;Octubre;2048;Oct-48;October;Oct-48
NOV2048;01/11/2048;54363;Noviembre;2048;Nov-48;November;Nov-48
DIC2048;01/12/2048;54393;Diciembre;2048;Dic-48;December;Dec-48
ENE2049;01/01/2049;54424;Enero;2049;Ene-49;January;Jan-49
FEB2049;01/02/2049;54455;Febrero;2049;Feb-49;February;Feb-49
MAR2049;01/03/2049;54483;Marzo;2049;Mar-49;March;Mar-49
ABR2049;01/04/2049;54514;Abril;2049;Abr-49;April;Apr-49
MAY2049;01/05/2049;54544;Mayo;2049;May-49;May;May-49
JUN2049;01/06/2049;54575;Junio;2049;Jun-49;June;Jun-49
JUL2049;01/07/2049;54605;Julio;2049;Jul-49;July;Jul-49
AGO2049;01/08/2049;54636;Agosto;2049;Ago-49;August;Aug-49
SEP2049;01/09/2049;54667;Septiembre;2049;Sep-49;September;Sep-49
OCT2049;01/10/2049;54697;Octubre;2049;Oct-49;October;Oct-49
NOV2049;01/11/2049;54728;Noviembre;2049;Nov-49;November;Nov-49
DIC2049;01/12/2049;54758;Diciembre;2049;Dic-49;December;Dec-49
ENE2050;01/01/2050;54789;Enero;2050;Ene-50;January;Jan-50
FEB2050;01/02/2050;54820;Febrero;2050;Feb-50;February;Feb-50
MAR2050;01/03/2050;54848;Marzo;2050;Mar-50;March;Mar-50
ABR2050;01/04/2050;54879;Abril;2050;Abr-50;April;Apr-50
MAY2050;01/05/2050;54909;Mayo;2050;May-50;May;May-50
JUN2050;01/06/2050;54940;Junio;2050;Jun-50;June;Jun-50
JUL2050;01/07/2050;54970;Julio;2050;Jul-50;July;Jul-50
AGO2050;01/08/2050;55001;Agosto;2050;Ago-50;August;Aug-50
SEP2050;01/09/2050;55032;Septiembre;2050;Sep-50;September;Sep-50
OCT2050;01/10/2050;55062;Octubre;2050;Oct-50;October;Oct-50
NOV2050;01/11/2050;55093;Noviembre;2050;Nov-50;November;Nov-50
DIC2050;01/12/2050;55123;Diciembre;2050;Dic-50;December;Dec-50
ENE2051;01/01/2051;55154;Enero;2051;Ene-51;January;Jan-51
FEB2051;01/02/2051;55185;Febrero;2051;Feb-51;February;Feb-51
MAR2051;01/03/2051;55213;Marzo;2051;Mar-51;March;Mar-51
ABR2051;01/04/2051;55244;Abril;2051;Abr-51;April;Apr-51
MAY2051;01/05/2051;55274;Mayo;2051;May-51;May;May-51
JUN2051;01/06/2051;55305;Junio;2051;Jun-51;June;Jun-51
JUL2051;01/07/2051;55335;Julio;2051;Jul-51;July;Jul-51
AGO2051;01/08/2051;55366;Agosto;2051;Ago-51;August;Aug-51
SEP2051;01/09/2051;55397;Septiembre;2051;Sep-51;September;Sep-51
OCT2051;01/10/2051;55427;Octubre;2051;Oct-51;October;Oct-51
NOV2051;01/11/2051;55458;Noviembre;2051;Nov-51;November;Nov-51
DIC2051;01/12/2051;55488;Diciembre;2051;Dic-51;December;Dec-51
ENE2052;01/01/2052;55519;Enero;2052;Ene-52;January;Jan-52
FEB2052;01/02/2052;55550;Febrero;2052;Feb-52;February;Feb-52
MAR2052;01/03/2052;55579;Marzo;2052;Mar-52;March;Mar-52
ABR2052;01/04/2052;55610;Abril;2052;Abr-52;April;Apr-52
MAY2052;01/05/2052;55640;Mayo;2052;May-52;May;May-52
JUN2052;01/06/2052;55671;Junio;2052;Jun-52;June;Jun-52
JUL2052;01/07/2052;55701;Julio;2052;Jul-52;July;Jul-52
AGO2052;01/08/2052;55732;Agosto;2052;Ago-52;August;Aug-52
SEP2052;01/09/2052;55763;Septiembre;2052;Sep-52;September;Sep-52
OCT2052;01/10/2052;55793;Octubre;2052;Oct-52;October;Oct-52
NOV2052;01/11/2052;55824;Noviembre;2052;Nov-52;November;Nov-52
DIC2052;01/12/2052;55854;Diciembre;2052;Dic-52;December;Dec-52
ENE2053;01/01/2053;55885;Enero;2053;Ene-53;January;Jan-53
FEB2053;01/02/2053;55916;Febrero;2053;Feb-53;February;Feb-53
MAR2053;01/03/2053;55944;Marzo;2053;Mar-53;March;Mar-53
ABR2053;01/04/2053;55975;Abril;2053;Abr-53;April;Apr-53
MAY2053;01/05/2053;56005;Mayo;2053;May-53;May;May-53
JUN2053;01/06/2053;56036;Junio;2053;Jun-53;June;Jun-53
JUL2053;01/07/2053;56066;Julio;2053;Jul-53;July;Jul-53
AGO2053;01/08/2053;56097;Agosto;2053;Ago-53;August;Aug-53
SEP2053;01/09/2053;56128;Septiembre;2053;Sep-53;September;Sep-53
OCT2053;01/10/2053;56158;Octubre;2053;Oct-53;October;Oct-53
NOV2053;01/11/2053;56189;Noviembre;2053;Nov-53;November;Nov-53
DIC2053;01/12/2053;56219;Diciembre;2053;Dic-53;December;Dec-53
ENE2054;01/01/2054;56250;Enero;2054;Ene-54;January;Jan-54
FEB2054;01/02/2054;56281;Febrero;2054;Feb-54;February;Feb-54
MAR2054;01/03/2054;56309;Marzo;2054;Mar-54;March;Mar-54
ABR2054;01/04/2054;56340;Abril;2054;Abr-54;April;Apr-54
MAY2054;01/05/2054;56370;Mayo;2054;May-54;May;May-54
JUN2054;01/06/2054;56401;Junio;2054;Jun-54;June;Jun-54
JUL2054;01/07/2054;56431;Julio;2054;Jul-54;July;Jul-54
AGO2054;01/08/2054;56462;Agosto;2054;Ago-54;August;Aug-54
SEP2054;01/09/2054;56493;Septiembre;2054;Sep-54;September;Sep-54
OCT2054;01/10/2054;56523;Octubre;2054;Oct-54;October;Oct-54
NOV2054;01/11/2054;56554;Noviembre;2054;Nov-54;November;Nov-54
DIC2054;01/12/2054;56584;Diciembre;2054;Dic-54;December;Dec-54
ENE2055;01/01/2055;56615;Enero;2055;Ene-55;January;Jan-55
FEB2055;01/02/2055;56646;Febrero;2055;Feb-55;February;Feb-55
MAR2055;01/03/2055;56674;Marzo;2055;Mar-55;March;Mar-55
ABR2055;01/04/2055;56705;Abril;2055;Abr-55;April;Apr-55
MAY2055;01/05/2055;56735;Mayo;2055;May-55;May;May-55
JUN2055;01/06/2055;56766;Junio;2055;Jun-55;June;Jun-55
JUL2055;01/07/2055;56796;Julio;2055;Jul-55;July;Jul-55
AGO2055;01/08/2055;56827;Agosto;2055;Ago-55;August;Aug-55
SEP2055;01/09/2055;56858;Septiembre;2055;Sep-55;September;Sep-55
OCT2055;01/10/2055;56888;Octubre;2055;Oct-55;October;Oct-55
NOV2055;01/11/2055;56919;Noviembre;2055;Nov-55;November;Nov-55
DIC2055;01/12/2055;56949;Diciembre;2055;Dic-55;December;Dec-55
ENE2056;01/01/2056;56980;Enero;2056;Ene-56;January;Jan-56
FEB2056;01/02/2056;57011;Febrero;2056;Feb-56;February;Feb-56
MAR2056;01/03/2056;57040;Marzo;2056;Mar-56;March;Mar-56
ABR2056;01/04/2056;57071;Abril;2056;Abr-56;April;Apr-56
MAY2056;01/05/2056;57101;Mayo;2056;May-56;May;May-56
JUN2056;01/06/2056;57132;Junio;2056;Jun-56;June;Jun-56
JUL2056;01/07/2056;57162;Julio;2056;Jul-56;July;Jul-56
AGO2056;01/08/2056;57193;Agosto;2056;Ago-56;August;Aug-56
SEP2056;01/09/2056;57224;Septiembre;2056;Sep-56;September;Sep-56
OCT2056;01/10/2056;57254;Octubre;2056;Oct-56;October;Oct-56
NOV2056;01/11/2056;57285;Noviembre;2056;Nov-56;November;Nov-56
DIC2056;01/12/2056;57315;Diciembre;2056;Dic-56;December;Dec-56
ENE2057;01/01/2057;57346;Enero;2057;Ene-57;January;Jan-57
FEB2057;01/02/2057;57377;Febrero;2057;Feb-57;February;Feb-57
MAR2057;01/03/2057;57405;Marzo;2057;Mar-57;March;Mar-57
ABR2057;01/04/2057;57436;Abril;2057;Abr-57;April;Apr-57
MAY2057;01/05/2057;57466;Mayo;2057;May-57;May;May-57
JUN2057;01/06/2057;57497;Junio;2057;Jun-57;June;Jun-57
JUL2057;01/07/2057;57527;Julio;2057;Jul-57;July;Jul-57
AGO2057;01/08/2057;57558;Agosto;2057;Ago-57;August;Aug-57
SEP2057;01/09/2057;57589;Septiembre;2057;Sep-57;September;Sep-57
OCT2057;01/10/2057;57619;Octubre;2057;Oct-57;October;Oct-57
NOV2057;01/11/2057;57650;Noviembre;2057;Nov-57;November;Nov-57
DIC2057;01/12/2057;57680;Diciembre;2057;Dic-57;December;Dec-57
ENE2058;01/01/2058;57711;Enero;2058;Ene-58;January;Jan-58
FEB2058;01/02/2058;57742;Febrero;2058;Feb-58;February;Feb-58
MAR2058;01/03/2058;57770;Marzo;2058;Mar-58;March;Mar-58
ABR2058;01/04/2058;57801;Abril;2058;Abr-58;April;Apr-58
MAY2058;01/05/2058;57831;Mayo;2058;May-58;May;May-58
JUN2058;01/06/2058;57862;Junio;2058;Jun-58;June;Jun-58
JUL2058;01/07/2058;57892;Julio;2058;Jul-58;July;Jul-58
AGO2058;01/08/2058;57923;Agosto;2058;Ago-58;August;Aug-58
SEP2058;01/09/2058;57954;Septiembre;2058;Sep-58;September;Sep-58
OCT2058;01/10/2058;57984;Octubre;2058;Oct-58;October;Oct-58
NOV2058;01/11/2058;58015;Noviembre;2058;Nov-58;November;Nov-58
DIC2058;01/12/2058;58045;Diciembre;2058;Dic-58;December;Dec-58
ENE2059;01/01/2059;58076;Enero;2059;Ene-59;January;Jan-59
FEB2059;01/02/2059;58107;Febrero;2059;Feb-59;February;Feb-59
MAR2059;01/03/2059;58135;Marzo;2059;Mar-59;March;Mar-59
ABR2059;01/04/2059;58166;Abril;2059;Abr-59;April;Apr-59
MAY2059;01/05/2059;58196;Mayo;2059;May-59;May;May-59
JUN2059;01/06/2059;58227;Junio;2059;Jun-59;June;Jun-59
JUL2059;01/07/2059;58257;Julio;2059;Jul-59;July;Jul-59
AGO2059;01/08/2059;58288;Agosto;2059;Ago-59;August;Aug-59
SEP2059;01/09/2059;58319;Septiembre;2059;Sep-59;September;Sep-59
OCT2059;01/10/2059;58349;Octubre;2059;Oct-59;October;Oct-59
NOV2059;01/11/2059;58380;Noviembre;2059;Nov-59;November;Nov-59
DIC2059;01/12/2059;58410;Diciembre;2059;Dic-59;December;Dec-59
ENE2060;01/01/2060;58441;Enero;2060;Ene-60;January;Jan-60
FEB2060;01/02/2060;58472;Febrero;2060;Feb-60;February;Feb-60
MAR2060;01/03/2060;58501;Marzo;2060;Mar-60;March;Mar-60
ABR2060;01/04/2060;58532;Abril;2060;Abr-60;April;Apr-60
MAY2060;01/05/2060;58562;Mayo;2060;May-60;May;May-60
JUN2060;01/06/2060;58593;Junio;2060;Jun-60;June;Jun-60
JUL2060;01/07/2060;58623;Julio;2060;Jul-60;July;Jul-60
AGO2060;01/08/2060;58654;Agosto;2060;Ago-60;August;Aug-60
SEP2060;01/09/2060;58685;Septiembre;2060;Sep-60;September;Sep-60
OCT2060;01/10/2060;58715;Octubre;2060;Oct-60;October;Oct-60
NOV2060;01/11/2060;58746;Noviembre;2060;Nov-60;November;Nov-60
DIC2060;01/12/2060;58776;Diciembre;2060;Dic-60;December;Dec-60
ENE2061;01/01/2061;58807;Enero;2061;Ene-61;January;Jan-61
FEB2061;01/02/2061;58838;Febrero;2061;Feb-61;February;Feb-61
MAR2061;01/03/2061;58866;Marzo;2061;Mar-61;March;Mar-61
ABR2061;01/04/2061;58897;Abril;2061;Abr-61;April;Apr-61
MAY2061;01/05/2061;58927;Mayo;2061;May-61;May;May-61
JUN2061;01/06/2061;58958;Junio;2061;Jun-61;June;Jun-61
JUL2061;01/07/2061;58988;Julio;2061;Jul-61;July;Jul-61
AGO2061;01/08/2061;59019;Agosto;2061;Ago-61;August;Aug-61
SEP2061;01/09/2061;59050;Septiembre;2061;Sep-61;September;Sep-61
OCT2061;01/10/2061;59080;Octubre;2061;Oct-61;October;Oct-61
NOV2061;01/11/2061;59111;Noviembre;2061;Nov-61;November;Nov-61
DIC2061;01/12/2061;59141;Diciembre;2061;Dic-61;December;Dec-61
ENE2062;01/01/2062;59172;Enero;2062;Ene-62;January;Jan-62
FEB2062;01/02/2062;59203;Febrero;2062;Feb-62;February;Feb-62
MAR2062;01/03/2062;59231;Marzo;2062;Mar-62;March;Mar-62
ABR2062;01/04/2062;59262;Abril;2062;Abr-62;April;Apr-62
MAY2062;01/05/2062;59292;Mayo;2062;May-62;May;May-62
JUN2062;01/06/2062;59323;Junio;2062;Jun-62;June;Jun-62
JUL2062;01/07/2062;59353;Julio;2062;Jul-62;July;Jul-62
AGO2062;01/08/2062;59384;Agosto;2062;Ago-62;August;Aug-62
SEP2062;01/09/2062;59415;Septiembre;2062;Sep-62;September;Sep-62
OCT2062;01/10/2062;59445;Octubre;2062;Oct-62;October;Oct-62
NOV2062;01/11/2062;59476;Noviembre;2062;Nov-62;November;Nov-62
DIC2062;01/12/2062;59506;Diciembre;2062;Dic-62;December;Dec-62
ENE2063;01/01/2063;59537;Enero;2063;Ene-63;January;Jan-63
FEB2063;01/02/2063;59568;Febrero;2063;Feb-63;February;Feb-63
MAR2063;01/03/2063;59596;Marzo;2063;Mar-63;March;Mar-63
ABR2063;01/04/2063;59627;Abril;2063;Abr-63;April;Apr-63
MAY2063;01/05/2063;59657;Mayo;2063;May-63;May;May-63
JUN2063;01/06/2063;59688;Junio;2063;Jun-63;June;Jun-63
JUL2063;01/07/2063;59718;Julio;2063;Jul-63;July;Jul-63
AGO2063;01/08/2063;59749;Agosto;2063;Ago-63;August;Aug-63
SEP2063;01/09/2063;59780;Septiembre;2063;Sep-63;September;Sep-63
OCT2063;01/10/2063;59810;Octubre;2063;Oct-63;October;Oct-63
NOV2063;01/11/2063;59841;Noviembre;2063;Nov-63;November;Nov-63
DIC2063;01/12/2063;59871;Diciembre;2063;Dic-63;December;Dec-63
ENE2064;01/01/2064;59902;Enero;2064;Ene-64;January;Jan-64
FEB2064;01/02/2064;59933;Febrero;2064;Feb-64;February;Feb-64
MAR2064;01/03/2064;59962;Marzo;2064;Mar-64;March;Mar-64
ABR2064;01/04/2064;59993;Abril;2064;Abr-64;April;Apr-64
MAY2064;01/05/2064;60023;Mayo;2064;May-64;May;May-64
